<?xml version="1.0" encoding="UTF-8"?>
<beans xmlns="http://www.springframework.org/schema/beans"
        xmlns:xsi="http://www.w3.org/2001/XMLSchema-instance"
        xmlns:context="http://www.springframework.org/schema/context"
        xmlns:tx="http://www.springframework.org/schema/tx"
        xmlns:aop="http://www.springframework.org/schema/aop"
        xsi:schemaLocation="http://www.springframework.org/schema/beans http://www.springframework.org/schema/beans/spring-beans-4.0.xsd
                            http://www.springframework.org/schema/context http://www.springframework.org/schema/context/spring-context-4.0.xsd
                            http://www.springframework.org/schema/aop http://www.springframework.org/schema/aop/spring-aop-4.0.xsd
                            http://www.springframework.org/schema/tx  http://www.springframework.org/schema/tx/spring-tx-4.0.xsd">
 
     
    <context:property-placeholder location="classpath:application.properties" />
     
    <context:component-scan  base-package="com.syne.innovation.trade" />
     
    <tx:annotation-driven transaction-manager="transactionManager"/>
     
    <bean id="dataSource" class="org.springframework.jdbc.datasource.DriverManagerDataSource">
        <property name="driverClassName" value="${jdbc.driverClassName}" />
        <property name="url" value="jdbc:mysql://#{systemEnvironment['MYSQL_PORT_3306_TCP_ADDR']}:#{systemEnvironment['MYSQL_PORT_3306_TCP_PORT']}/trade_bot"/>
        <property name="username" value="${jdbc.username}" />
        <property name="password" value="#{systemEnvironment['MYSQL_ENV_MYSQL_ROOT_PASSWORD']}"/>
         
    </bean>

    <bean id="sessionFactory" class="org.springframework.orm.hibernate4.LocalSessionFactoryBean" >
        <property name="dataSource" ref="dataSource"/>
        <property name="packagesToScan">
            <list>
                <value>com.syne.innovation.trade.persistence.entity</value>
            </list>
        </property>
        <property name="hibernateProperties">
            <props>
                <prop key="hibernate.dialect">${hibernate.dialect}</prop>
                <prop key="hibernate.show_sql">${hibernate.show_sql:false}</prop>
                <prop key="hibernate.format_sql">${hibernate.format_sql:false}</prop>
                <prop key="hibernate.hbm2ddl.auto">update</prop>
            </props>
        </property>
    </bean>
 
    <bean id="transactionManager"  class="org.springframework.orm.hibernate4.HibernateTransactionManager">
        <property name="sessionFactory" ref="sessionFactory" />
    </bean>
 
    <bean id="persistenceExceptionTranslationPostProcessor"
        class="org.springframework.dao.annotation.PersistenceExceptionTranslationPostProcessor"/>
         
</beans>